{
  "n_rows": 300,
  "n_features": 14,
  "target_col": "yield_tpha",
  "metrics": {
    "r2": 0.8894911462227533,
    "rmse": 0.1322371933042909,
    "mae": 0.09531347479418728,
    "avg_confidence": 95.92199298421988
  }
}